<?xml version="1.1" encoding="UTF-8"?>

<project i18n.job.generated.documetation="Documentation g&#233;n&#233;r&#233;e" i18n.job.project.name="Nom du projet" i18n.job.generated.date="Date de g&#233;n&#233;ration" i18n.job.author="AUTEUR" i18n.job.summary="R&#233;sum&#233;" i18n.job.project.description="Description du projet" i18n.job.job.description="Description" i18n.job.job.preview.picture="Aper&#231;u" i18n.job.job.setting="Configuration" i18n.job.context.list="Liste des contextes" i18n.job.component.list="Liste des composants" i18n.job.components.description="Description des composants" i18n.job.source.code="Code Source" i18n.job.properties="Propri&#233;t&#233;s" i18n.job.values="Valeurs" i18n.job.name="Nom" i18n.job.language="Langue" i18n.job.description="Description" i18n.job.author.min="Cr&#233;&#233; par :" i18n.job.version="Version" i18n.job.purpose="Objectif" i18n.job.status="Statut" i18n.job.creation="Cr&#233;ation" i18n.job.modification="Modification" i18n.job.extract.settings="Param&#232;tres suppl&#233;mentaires" i18n.job.value="Valeur" i18n.job.stats.logs="Statut &amp; Logs" i18n.job.context="Contexte" i18n.job.promt="Prompt" i18n.job.need.promt="Besoin d'aide ?" i18n.job.type="Type" i18n.job.source="Source" i18n.job.component.name="Nom du composant" i18n.job.component.type="Type de composant" i18n.job.component="Composant" i18n.job.unique.name="NOM UNIQUE" i18n.job.input="ENTR&#201;E(S)" i18n.job.label="LIBELL&#201;" i18n.job.output="SORTIE(S)" i18n.job.component.parameters="Param&#232;tres du composant :" i18n.job.schema.for="Sch&#233;ma de " i18n.job.column="Colonne" i18n.job.key="Cl&#233;" i18n.job.length="Longueur" i18n.job.precision="Pr&#233;cision" i18n.job.nullable="Nullable" i18n.job.comment="Commentaire" i18n.job.original.function.parameters="Param&#232;tres originaux de la fonction :" i18n.job.ended="ended" i18n.job.content="contenu" i18n.route.manifest.type="Type" i18n.route.manifest.value="Valeur" i18n.route.resource.name="Nom" i18n.route.resource.version="Version" i18n.route.resource.path="Chemin d'acc&#232;s" name="Local_Project" logo="pictures/logo.jpg" title="Generated by Talend Open Studio for Data Integration" link="http://www.talend.com" language="java" generatedDate="1 sept. 2024 &#224; 11:55:41" versionName="Talend Open Studio VERSION " version="8.0.1.20211109_1610" docType="Jobs" company="">
  <pro-description><![CDATA[]]></pro-description>
  <job name="ProjetProgCompoServ" author="user@talend.com" i18n.job.extract.settings.type="i18n.job.extract.settings" i18n.job.stats.logs.type="i18n.job.stats.logs" version="0.1" purpose="" status="" creation="21 ao&#251;t 2024 &#224; 10:48:47" modification="1 sept. 2024 &#224; 11:54:52">
    <description><![CDATA[<br/>]]></description>
    <preview picture="pictures/ProjetProgCompoServ_0.1.png"/>
    <contextList>
      <context name="Default"/>
    </contextList>
    <jobSetting>
      <extra>
        <jobParameter name="COMP_DEFAULT_FILE_DIR" value=""/>
        <jobParameter name="Ex&#233;cution multi thread" value="false"/>
        <jobParameter name="tContextLoad implicite" value="false"/>
      </extra>
      <Statslogs>
        <jobParameter name="Utiliser les statistiques (tStatCatcher)" value="false"/>
        <jobParameter name="Utiliser les logs (tLogCatcher)" value="false"/>
        <jobParameter name="Utiliser les volumes (tFlowMeterCatcher)" value="false"/>
        <jobParameter name="Dans la console" value="false"/>
        <jobParameter name="Dans des fichiers" value="false"/>
        <jobParameter name="Dans la base de donn&#233;es" value="false"/>
        <jobParameter name="Capturer les statistiques des composants" value="false"/>
        <jobParameter name="Capturer les erreurs de l'ex&#233;cutable" value="true"/>
        <jobParameter name="Capturer les erreurs de l'utilisateur" value="true"/>
        <jobParameter name="Capturer les alertes &#224; l'utilisateur" value="true"/>
      </Statslogs>
    </jobSetting>
    <componentList>
      <componentItem name="tDBInput_2" link="tDBInput_2" type="tMysqlInput" leftTopX="64" leftTopY="96" rightBottomX="96" rightBottomY="128"/>
      <componentItem name="tDBOutput_1" link="tDBOutput_1" type="tMysqlOutput" leftTopX="576" leftTopY="160" rightBottomX="608" rightBottomY="192"/>
      <componentItem name="tMap_1" link="tMap_1" type="tMap" leftTopX="288" leftTopY="192" rightBottomX="320" rightBottomY="224"/>
    </componentList>
    <internalNodeComponents>
      <component icon="pictures/tDBInput_2.png" uniqueName="tDBInput_2" label="__TABLE__">
        <input>none</input>
        <output link="tMap_1">tMap_1</output>
        <componentType>tMysqlInput</componentType>
        <parameters>
          <column name="Database" value="tMysqlInput"/>
          <column name="Nom unique" value="tDBInput_2"/>
          <column name="Nom du composant" value="tMysqlInput"/>
          <column name="Version" value="0.102 (ALPHA)"/>
          <column name="Famille" value="Databases/DB Specifics/MySQL"/>
          <column name="D&#233;marrer" value="true"/>
          <column name="D&#233;marrable" value="true"/>
          <column name="SUBTREE_START" value="true"/>
          <column name="END_OF_FLOW" value="false"/>
          <column name="Activer" value="true"/>
          <column name="DUMMY" value="false"/>
          <column name="Statistiques du tStatCatcher" value="false"/>
          <column name="Aide" value="org.talend.help.tMysqlInput"/>
          <column name="Update components" value="true"/>
          <column name="IREPORT_PATH" value=""/>
          <column name="JAVA_LIBRARY_PATH" value="G:\talendESB\TOS_DI-20211109_1610-V8.0.1\TOS_DI-20211109_1610-V8.0.1\configuration\lib\java"/>
          <column name="Couleur d'un sous-Job" value=""/>
          <column name="Couleur du titre" value=""/>
          <column name="Type de propri&#233;t&#233;" value="repository: Bases de donn&#233;es (MYSQL):produitConect"/>
          <column name="Version de la base de donn&#233;es" value="MYSQL_8"/>
          <column name="Utiliser une connexion existante" value="false"/>
          <column name="Liste des composants" value=""/>
          <column name="H&#244;te" value="&quot;localhost&quot;"/>
          <column name="Port" value="&quot;3306&quot;"/>
          <column name="Base de donn&#233;es" value="&quot;achats&quot;"/>
          <column name="Pilote de la base de donn&#233;es" value="MYSQL"/>
          <column name="Utilisateur" value="&quot;root&quot;"/>
          <column name="Mot de passe" value="**"/>
          <column name="REPOSITORY_ALLOW_AUTO_SWITCH" value="true"/>
          <column name="Sch&#233;ma" value="Built-In"/>
          <column name="Nom de la table" value="&quot;produit&quot;"/>
          <column name="Type de requ&#234;te" value="Built-In"/>
          <column name="D&#233;tecter le sch&#233;ma" value="&quot;&quot;"/>
          <column name="Requ&#234;te" value="&quot;SELECT 
  `produit`.`id_produit`, 
  `produit`.`designation`, 
  `produit`.`prix`
FROM `produit`&quot;"/>
          <column name="Sp&#233;cifier un alias de source de donn&#233;es" value="false"/>
          <column name="Alias de la source de donn&#233;es" value="&quot;&quot;"/>
          <column name="Mapping" value="mysql_id"/>
          <column name="Param&#232;tres suppl&#233;mentaires JDBC" value="&quot;noDatetimeStringSync=true&amp;enabledTLSProtocols=TLSv1.2,TLSv1.1,TLSv1&quot;"/>
          <column name="Encodage" value="&quot;ISO-8859-15&quot;"/>
          <column name="Activer le flux" value="false"/>
          <column name="Supprimer les espaces entourant toutes les colonnes String/Char" value="false"/>
          <column name="Colonnes &#224; rogner" value="[{SCHEMA_COLUMN=id_produit, TRIM=false}, {SCHEMA_COLUMN=designation, TRIM=false}, {SCHEMA_COLUMN=prix, TRIM=false}]"/>
          <column name="Format du libell&#233;" value="__TABLE__"/>
          <column name="Format des astuces" value="&lt;b&gt;__UNIQUE_NAME__&lt;/b&gt;&lt;br&gt;__COMMENT__"/>
          <column name="Format de connexion" value="row"/>
          <column name="Afficher les informations" value="false"/>
          <column name="Commentaire" value=""/>
          <column name="Utiliser une r&#232;gle de validation existante" value="false"/>
          <column name="Type de r&#232;gle de validation" value=""/>
        </parameters>
        <schemas>
          <schema name="produit">
            <column name="id_produit" key="true" type="int" length="10" precision="" nullable="false" comment=""/>
            <column name="designation" key="false" type="String" length="255" precision="" nullable="true" comment=""/>
            <column name="prix" key="false" type="Double" length="22" precision="" nullable="true" comment=""/>
          </schema>
        </schemas>
      </component>
      <component icon="pictures/tDBOutput_1.png" uniqueName="tDBOutput_1" label="__UNIQUE_NAME__">
        <input link="tMap_1">tMap_1</input>
        <output>none</output>
        <componentType>tMysqlOutput</componentType>
        <parameters>
          <column name="Database" value="tMysqlOutput"/>
          <column name="Nom unique" value="tDBOutput_1"/>
          <column name="Nom du composant" value="tMysqlOutput"/>
          <column name="Version" value="0.102 (ALPHA)"/>
          <column name="Famille" value="Databases/DB Specifics/MySQL"/>
          <column name="D&#233;marrable" value="false"/>
          <column name="SUBTREE_START" value="false"/>
          <column name="END_OF_FLOW" value="true"/>
          <column name="Activer" value="true"/>
          <column name="DUMMY" value="false"/>
          <column name="Statistiques du tStatCatcher" value="false"/>
          <column name="Aide" value="org.talend.help.tMysqlOutput"/>
          <column name="Update components" value="true"/>
          <column name="IREPORT_PATH" value=""/>
          <column name="JAVA_LIBRARY_PATH" value="G:\talendESB\TOS_DI-20211109_1610-V8.0.1\TOS_DI-20211109_1610-V8.0.1\configuration\lib\java"/>
          <column name="Couleur d'un sous-Job" value=""/>
          <column name="Couleur du titre" value=""/>
          <column name="Type de propri&#233;t&#233;" value="Built-In"/>
          <column name="Version de la base de donn&#233;es" value="MYSQL_8"/>
          <column name="Utiliser une connexion existante" value="false"/>
          <column name="Liste des composants" value=""/>
          <column name="Pilote de la base de donn&#233;es" value="MySQL"/>
          <column name="H&#244;te" value="&quot;localhost&quot;"/>
          <column name="Port" value="&quot;3306&quot;"/>
          <column name="Base de donn&#233;es" value="&quot;achats&quot;"/>
          <column name="Utilisateur" value="&quot;root&quot;"/>
          <column name="Mot de passe" value="**"/>
          <column name="Table" value="&quot;produit&quot;"/>
          <column name="Action sur la table" value="NONE"/>
          <column name="Action sur les donn&#233;es" value="UPDATE"/>
          <column name="REPOSITORY_ALLOW_AUTO_SWITCH" value="true"/>
          <column name="Sch&#233;ma" value="Built-In"/>
          <column name="Rejeter le sch&#233;ma" value="Built-In"/>
          <column name="Sp&#233;cifier un alias de source de donn&#233;es" value="false"/>
          <column name="Alias de la source de donn&#233;es" value="&quot;&quot;"/>
          <column name="Arr&#234;ter en cas d'erreur" value="false"/>
          <column name="Mapping" value="mysql_id"/>
          <column name="Param&#232;tres suppl&#233;mentaires JDBC" value="&quot;noDatetimeStringSync=true&quot;"/>
          <column name="Insertions &#233;tendues" value="true"/>
          <column name="Nombre de lignes par insertion" value="100"/>
          <column name="Utiliser la taille des lots" value="true"/>
          <column name="Taille des lots" value="10000"/>
          <column name="Encodage" value="&quot;ISO-8859-15&quot;"/>
          <column name="Commiter tous les" value="10000"/>
          <column name="Colonnes suppl&#233;mentaires" value="[]"/>
          <column name="Utiliser les options de champ" value="false"/>
          <column name="Options de champ" value="[{SCHEMA_COLUMN=id_produit, UPDATE_KEY=false, DELETE_KEY=false, UPDATABLE=true, INSERTABLE=true}, {SCHEMA_COLUMN=designation, UPDATE_KEY=false, DELETE_KEY=false, UPDATABLE=true, INSERTABLE=true}, {SCHEMA_COLUMN=prix, UPDATE_KEY=false, DELETE_KEY=false, UPDATABLE=true, INSERTABLE=true}, {SCHEMA_COLUMN=discounted_price, UPDATE_KEY=false, DELETE_KEY=false, UPDATABLE=true, INSERTABLE=true}]"/>
          <column name="Utiliser les options d'astuce" value="false"/>
          <column name="Options d'astuce" value="[]"/>
          <column name="Mode de d&#233;bogage de requ&#234;te" value="false"/>
          <column name="Utiliser l'option duplicate key update en mode insert" value="false"/>
          <column name="DUPLICATED_KEYS" value="[]"/>
          <column name="Supporter les null dans l'instruction &quot;&quot;SQL WHERE&quot;&quot;" value="false"/>
          <column name="Format du libell&#233;" value="__UNIQUE_NAME__"/>
          <column name="Format des astuces" value="&lt;b&gt;__UNIQUE_NAME__&lt;/b&gt;&lt;br&gt;__COMMENT__"/>
          <column name="Format de connexion" value="row"/>
          <column name="Afficher les informations" value="false"/>
          <column name="Commentaire" value=""/>
          <column name="Utiliser une r&#232;gle de validation existante" value="false"/>
          <column name="Type de r&#232;gle de validation" value=""/>
        </parameters>
        <schemas>
          <schema name="tDBOutput_1">
            <column name="id_produit" key="true" type="int" length="10" precision="" nullable="false" comment=""/>
            <column name="designation" key="false" type="String" length="255" precision="" nullable="true" comment=""/>
            <column name="prix" key="false" type="Double" length="22" precision="" nullable="true" comment=""/>
            <column name="discounted_price" key="false" type="Double" length="" precision="" nullable="true" comment=""/>
          </schema>
        </schemas>
      </component>
    </internalNodeComponents>
    <externalNodeComponents>
      <component icon="pictures/tMap_1.png" uniqueName="tMap_1" label="__UNIQUE_NAME__" preview="pictures/external_preview_tMap_1.png">
        <input link="tDBInput_2">tDBInput_2</input>
        <output link="tDBOutput_1">tDBOutput_1</output>
        <componentType>tMap</componentType>
        <!--tMap_1-->
      </component>
    </externalNodeComponents>
    <connections>
      <connection label="row1" lineStyle="0" metaname="tDBInput_2" offsetLabelX="0" offsetLabelY="0" source="tDBInput_2" target="tMap_1"/>
      <connection label="fichier0" lineStyle="0" metaname="fichier0" offsetLabelX="0" offsetLabelY="0" source="tMap_1" target="tDBOutput_1"/>
    </connections>
  </job>
</project>
